population,full
24527,"abbeville, south carolina"
62045,"acadia, louisiana"
32316,"accomack, virginia"
481587,"ada, idaho"
7152,"adair, iowa"
19202,"adair, kentucky"
25343,"adair, missouri"
22194,"adair, oklahoma"
517421,"adams, colorado"
4294,"adams, idaho"
65435,"adams, illinois"
35777,"adams, indiana"
3602,"adams, iowa"
30693,"adams, mississippi"
31363,"adams, nebraska"
2216,"adams, north dakota"
27698,"adams, ohio"
103009,"adams, pennsylvania"
19983,"adams, washington"
20220,"adams, wisconsin"
36777,"addison, vermont"
170872,"aiken, south carolina"
15886,"aitkin, minnesota"
269043,"alachua, florida"
169509,"alamance, north carolina"
1671329,"alameda, california"
16233,"alamosa, colorado"
305506,"albany, new york"
38880,"albany, wyoming"
109330,"albemarle, virginia"
10405,"alcona, michigan"
36953,"alcorn, mississippi"
3337,"aleutians east, alaska"
5761,"alexander, illinois"
37497,"alexander, north carolina"
159428,"alexandria, virginia"
5702,"alfalfa, oklahoma"
9108,"alger, michigan"
13687,"allamakee, iowa"
118081,"allegan, michigan"
70416,"allegany, maryland"
46091,"allegany, new york"
11137,"alleghany, north carolina"
14860,"alleghany, virginia"
1216045,"allegheny, pennsylvania"
379299,"allen, indiana"
12369,"allen, kansas"
21315,"allen, kentucky"
25627,"allen, louisiana"
102351,"allen, ohio"
8688,"allendale, south carolina"
28405,"alpena, michigan"
1129,"alpine, california"
39752,"amador, california"
13145,"amelia, virginia"
31605,"amherst, virginia"
12297,"amite, mississippi"
7858,"anderson, kansas"
22747,"anderson, kentucky"
202558,"anderson, south carolina"
76978,"anderson, tennessee"
57735,"anderson, texas"
17712,"andrew, missouri"
18705,"andrews, texas"
108277,"androscoggin, maine"
86715,"angelina, texas"
579234,"anne arundel, maryland"
356921,"anoka, minnesota"
24446,"anson, north carolina"
6298,"antelope, nebraska"
23324,"antrim, michigan"
71887,"apache, arizona"
12426,"appanoose, iowa"
18386,"appling, georgia"
15911,"appomattox, virginia"
23510,"aransas, texas"
656590,"arapahoe, colorado"
8553,"archer, texas"
14029,"archuleta, colorado"
14883,"arenac, michigan"
17486,"arkansas, arkansas"
236842,"arlington, virginia"
64735,"armstrong, pennsylvania"
1887,"armstrong, texas"
67055,"aroostook, maine"
463,"arthur, nebraska"
126604,"ascension, louisiana"
27203,"ashe, north carolina"
53484,"ashland, ohio"
15562,"ashland, wisconsin"
19657,"ashley, arkansas"
97241,"ashtabula, ohio"
22582,"asotin, washington"
21891,"assumption, louisiana"
51153,"atascosa, texas"
16073,"atchison, kansas"
5143,"atchison, missouri"
65327,"athens, ohio"
8165,"atkinson, georgia"
263670,"atlantic, new jersey"
13758,"atoka, oklahoma"
18174,"attala, mississippi"
25388,"audrain, missouri"
5496,"audubon, iowa"
45656,"auglaize, ohio"
75558,"augusta, virginia"
2751,"aurora, south dakota"
30032,"austin, texas"
55869,"autauga, alabama"
17557,"avery, north carolina"
40144,"avoyelles, louisiana"
3581,"baca, colorado"
11164,"bacon, georgia"
7000,"bailey, texas"
29210,"baker, florida"
3038,"baker, georgia"
16124,"baker, oregon"
223234,"baldwin, alabama"
44890,"baldwin, georgia"
7888,"ballard, kentucky"
593490,"baltimore, maryland"
827370,"baltimore, maryland"
14066,"bamberg, south carolina"
23112,"bandera, texas"
19234,"banks, georgia"
745,"banner, nebraska"
87808,"bannock, idaho"
8209,"baraga, michigan"
4427,"barber, kansas"
24686,"barbour, alabama"
16441,"barbour, west virginia"
10415,"barnes, north dakota"
212990,"barnstable, massachusetts"
20866,"barnwell, south carolina"
44249,"barren, kentucky"
45244,"barron, wisconsin"
83240,"barrow, georgia"
61550,"barry, michigan"
35789,"barry, missouri"
83779,"bartholomew, indiana"
25779,"barton, kansas"
11754,"barton, missouri"
107738,"bartow, georgia"
88723,"bastrop, texas"
16172,"bates, missouri"
12500,"bath, kentucky"
4147,"bath, virginia"
41932,"baxter, arkansas"
174705,"bay, florida"
103126,"bay, michigan"
15036,"bayfield, wisconsin"
3509,"baylor, texas"
18453,"beadle, south dakota"
6125,"bear lake, idaho"
46994,"beaufort, north carolina"
192122,"beaufort, south carolina"
37497,"beauregard, louisiana"
5311,"beaver, oklahoma"
163929,"beaver, pennsylvania"
6710,"beaver, utah"
9453,"beaverhead, montana"
34423,"becker, minnesota"
21859,"beckham, oklahoma"
47888,"bedford, pennsylvania"
49713,"bedford, tennessee"
78997,"bedford, virginia"
32565,"bee, texas"
61303,"belknap, new hampshire"
26032,"bell, kentucky"
362924,"bell, texas"
67006,"belmont, ohio"
47188,"beltrami, minnesota"
16700,"ben hill, georgia"
9298,"benewah, idaho"
3365,"bennett, south dakota"
35470,"bennington, vermont"
6832,"benson, north dakota"
5577,"bent, colorado"
279141,"benton, arkansas"
8748,"benton, indiana"
25645,"benton, iowa"
40889,"benton, minnesota"
8259,"benton, mississippi"
19443,"benton, missouri"
93053,"benton, oregon"
16160,"benton, tennessee"
204390,"benton, washington"
17766,"benzie, michigan"
932202,"bergen, new jersey"
227907,"berkeley, south carolina"
119171,"berkeley, west virginia"
421164,"berks, pennsylvania"
124944,"berkshire, massachusetts"
679121,"bernalillo, new mexico"
19397,"berrien, georgia"
153401,"berrien, michigan"
18947,"bertie, north carolina"
2003554,"bexar, texas"
22394,"bibb, alabama"
153159,"bibb, georgia"
13241,"bienville, louisiana"
13319,"big horn, montana"
11790,"big horn, wyoming"
4991,"big stone, minnesota"
928,"billings, north dakota"
46811,"bingham, idaho"
131228,"black hawk, iowa"
11758,"blackford, indiana"
32722,"bladen, north carolina"
23021,"blaine, idaho"
6681,"blaine, montana"
465,"blaine, nebraska"
9429,"blaine, oklahoma"
121829,"blair, pennsylvania"
11931,"blanco, texas"
6280,"bland, virginia"
12873,"bleckley, georgia"
15064,"bledsoe, tennessee"
57826,"blount, alabama"
133088,"blount, tennessee"
67653,"blue earth, minnesota"
7831,"boise, idaho"
30628,"bolivar, mississippi"
12133,"bollinger, missouri"
6901,"bon homme, south dakota"
16426,"bond, illinois"
45739,"bonner, idaho"
119062,"bonneville, idaho"
37432,"boone, arkansas"
53544,"boone, illinois"
67843,"boone, indiana"
26234,"boone, iowa"
133581,"boone, kentucky"
180463,"boone, missouri"
5192,"boone, nebraska"
21457,"boone, west virginia"
654,"borden, texas"
18685,"bosque, texas"
127039,"bossier, louisiana"
33419,"botetourt, virginia"
326196,"boulder, colorado"
12245,"boundary, idaho"
14534,"bourbon, kansas"
19788,"bourbon, kentucky"
93245,"bowie, texas"
3024,"bowman, north dakota"
10783,"box butte, nebraska"
56046,"box elder, utah"
46718,"boyd, kentucky"
1919,"boyd, nebraska"
30060,"boyle, kentucky"
8303,"bracken, kentucky"
28201,"bradford, florida"
60323,"bradford, pennsylvania"
10763,"bradley, arkansas"
108110,"bradley, tennessee"
43517,"branch, michigan"
19109,"brantley, georgia"
13957,"braxton, west virginia"
374264,"brazoria, texas"
229211,"brazos, texas"
12630,"breathitt, kentucky"
20477,"breckinridge, kentucky"
25062,"bremer, iowa"
601942,"brevard, florida"
9203,"brewster, texas"
1546,"briscoe, texas"
836,"bristol bay, alaska"
565217,"bristol, massachusetts"
48479,"bristol, rhode island"
16762,"bristol, virginia"
6237,"broadwater, montana"
1418207,"bronx, new york"
21939,"brooke, west virginia"
35077,"brookings, south dakota"
15457,"brooks, georgia"
7093,"brooks, texas"
190488,"broome, new york"
70465,"broomfield, colorado"
1952778,"broward, florida"
6578,"brown, illinois"
15092,"brown, indiana"
9564,"brown, kansas"
25008,"brown, minnesota"
2955,"brown, nebraska"
43432,"brown, ohio"
38839,"brown, south dakota"
37864,"brown, texas"
264542,"brown, wisconsin"
5297,"brule, south dakota"
142820,"brunswick, north carolina"
16231,"brunswick, virginia"
39627,"bryan, georgia"
47995,"bryan, oklahoma"
21175,"buchanan, iowa"
87364,"buchanan, missouri"
21004,"buchanan, virginia"
17148,"buckingham, virginia"
628270,"bucks, pennsylvania"
19620,"buena vista, iowa"
6478,"buena vista, virginia"
49659,"buffalo, nebraska"
1962,"buffalo, south dakota"
13031,"buffalo, wisconsin"
81676,"bullitt, kentucky"
79608,"bulloch, georgia"
10101,"bullock, alabama"
261191,"buncombe, north carolina"
32628,"bureau, illinois"
22383,"burke, georgia"
90485,"burke, north carolina"
2115,"burke, north dakota"
95626,"burleigh, north dakota"
18443,"burleson, texas"
445349,"burlington, new jersey"
48155,"burnet, texas"
15414,"burnett, wisconsin"
6459,"burt, nebraska"
19448,"butler, alabama"
14439,"butler, iowa"
66911,"butler, kansas"
12879,"butler, kentucky"
42478,"butler, missouri"
8016,"butler, nebraska"
383134,"butler, ohio"
187853,"butler, pennsylvania"
219186,"butte, california"
2597,"butte, idaho"
10429,"butte, south dakota"
24936,"butts, georgia"
216453,"cabarrus, north carolina"
91945,"cabell, west virginia"
128289,"cache, utah"
240204,"caddo, louisiana"
28762,"caddo, oklahoma"
45905,"calaveras, california"
203436,"calcasieu, louisiana"
12747,"caldwell, kentucky"
9918,"caldwell, louisiana"
9020,"caldwell, missouri"
82178,"caldwell, north carolina"
43664,"caldwell, texas"
29993,"caledonia, vermont"
113605,"calhoun, alabama"
5189,"calhoun, arkansas"
14105,"calhoun, florida"
6189,"calhoun, georgia"
4739,"calhoun, illinois"
9668,"calhoun, iowa"
134159,"calhoun, michigan"
14361,"calhoun, mississippi"
14553,"calhoun, south carolina"
21290,"calhoun, texas"
7109,"calhoun, west virginia"
13943,"callahan, texas"
44743,"callaway, missouri"
39001,"calloway, kentucky"
50089,"calumet, wisconsin"
92525,"calvert, maryland"
1106,"camas, idaho"
130192,"cambria, pennsylvania"
54666,"camden, georgia"
46305,"camden, missouri"
506471,"camden, new jersey"
10867,"camden, north carolina"
6973,"cameron, louisiana"
4447,"cameron, pennsylvania"
423163,"cameron, texas"
13094,"camp, texas"
93584,"campbell, kentucky"
1376,"campbell, south dakota"
39842,"campbell, tennessee"
54885,"campbell, virginia"
46341,"campbell, wyoming"
148306,"canadian, oklahoma"
10803,"candler, georgia"
14678,"cannon, tennessee"
229849,"canyon, idaho"
78871,"cape girardeau, missouri"
92039,"cape may, new jersey"
10725,"carbon, montana"
64182,"carbon, pennsylvania"
20463,"carbon, utah"
14800,"carbon, wyoming"
7155,"caribou, idaho"
4760,"carlisle, kentucky"
35871,"carlton, minnesota"
33406,"caroline, maryland"
30725,"caroline, virginia"
28380,"carroll, arkansas"
119992,"carroll, georgia"
14305,"carroll, illinois"
20257,"carroll, indiana"
20165,"carroll, iowa"
10631,"carroll, kentucky"
168447,"carroll, maryland"
9947,"carroll, mississippi"
8679,"carroll, missouri"
48910,"carroll, new hampshire"
26914,"carroll, ohio"
27767,"carroll, tennessee"
29791,"carroll, virginia"
55916,"carson, nevada"
5926,"carson, texas"
26797,"carter, kentucky"
5982,"carter, missouri"
1252,"carter, montana"
48111,"carter, oklahoma"
56391,"carter, tennessee"
69473,"carteret, north carolina"
105089,"carver, minnesota"
81366,"cascade, montana"
16159,"casey, kentucky"
12147,"cass, illinois"
37689,"cass, indiana"
12836,"cass, iowa"
51787,"cass, michigan"
29779,"cass, minnesota"
105780,"cass, missouri"
26248,"cass, nebraska"
181923,"cass, north dakota"
30026,"cass, texas"
24030,"cassia, idaho"
7530,"castro, texas"
22604,"caswell, north carolina"
9494,"catahoula, louisiana"
159551,"catawba, north carolina"
67580,"catoosa, georgia"
3527,"catron, new mexico"
76117,"cattaraugus, new york"
3762,"cavalier, north dakota"
76576,"cayuga, new york"
102855,"cecil, maryland"
18627,"cedar, iowa"
14349,"cedar, missouri"
8402,"cedar, nebraska"
162385,"centre, pennsylvania"
42450,"cerro gordo, iowa"
20356,"chaffee, colorado"
33254,"chambers, alabama"
43837,"chambers, texas"
209689,"champaign, illinois"
38885,"champaign, ohio"
7426,"chariton, missouri"
6963,"charles city, virginia"
9292,"charles mix, south dakota"
163257,"charles, maryland"
411406,"charleston, south carolina"
26143,"charlevoix, michigan"
188910,"charlotte, florida"
11880,"charlotte, virginia"
47266,"charlottesville, virginia"
13392,"charlton, georgia"
2648,"chase, kansas"
3924,"chase, nebraska"
289430,"chatham, georgia"
74470,"chatham, north carolina"
10907,"chattahoochee, georgia"
24789,"chattooga, georgia"
3250,"chautauqua, kansas"
126903,"chautauqua, new york"
64615,"chaves, new mexico"
40667,"cheatham, tennessee"
25276,"cheboygan, michigan"
77200,"chelan, washington"
83456,"chemung, new york"
47207,"chenango, new york"
26196,"cherokee, alabama"
258773,"cherokee, georgia"
11235,"cherokee, iowa"
19939,"cherokee, kansas"
28612,"cherokee, north carolina"
48657,"cherokee, oklahoma"
57300,"cherokee, south carolina"
52646,"cherokee, texas"
5689,"cherry, nebraska"
244835,"chesapeake, virginia"
76085,"cheshire, new hampshire"
524989,"chester, pennsylvania"
32244,"chester, south carolina"
17297,"chester, tennessee"
45650,"chesterfield, south carolina"
352802,"chesterfield, virginia"
1831,"cheyenne, colorado"
2657,"cheyenne, kansas"
8910,"cheyenne, nebraska"
11933,"chickasaw, iowa"
17103,"chickasaw, mississippi"
10118,"chicot, arkansas"
7306,"childress, texas"
44428,"chilton, alabama"
37349,"chippewa, michigan"
11800,"chippewa, minnesota"
64658,"chippewa, wisconsin"
56579,"chisago, minnesota"
163774,"chittenden, vermont"
12589,"choctaw, alabama"
8210,"choctaw, mississippi"
14672,"choctaw, oklahoma"
5635,"chouteau, montana"
13943,"chowan, north carolina"
32304,"christian, illinois"
70461,"christian, kentucky"
88595,"christian, missouri"
24909,"churchill, nevada"
26675,"cibola, new mexico"
2137,"cimarron, oklahoma"
149657,"citrus, florida"
418187,"clackamas, oregon"
15670,"claiborne, louisiana"
8988,"claiborne, mississippi"
31959,"claiborne, tennessee"
77331,"clallam, washington"
30950,"clare, michigan"
33745,"clarendon, south carolina"
38438,"clarion, pennsylvania"
22320,"clark, arkansas"
845,"clark, idaho"
15441,"clark, illinois"
118302,"clark, indiana"
1994,"clark, kansas"
36263,"clark, kentucky"
6797,"clark, missouri"
2266715,"clark, nevada"
134083,"clark, ohio"
3736,"clark, south dakota"
488241,"clark, washington"
34774,"clark, wisconsin"
23622,"clarke, alabama"
128331,"clarke, georgia"
9395,"clarke, iowa"
15541,"clarke, mississippi"
14619,"clarke, virginia"
40224,"clatsop, oregon"
13235,"clay, alabama"
14551,"clay, arkansas"
219252,"clay, florida"
2834,"clay, georgia"
13184,"clay, illinois"
26225,"clay, indiana"
16016,"clay, iowa"
8002,"clay, kansas"
19901,"clay, kentucky"
64222,"clay, minnesota"
19316,"clay, mississippi"
249948,"clay, missouri"
6203,"clay, nebraska"
11231,"clay, north carolina"
14070,"clay, south dakota"
7615,"clay, tennessee"
10471,"clay, texas"
8508,"clay, west virginia"
292256,"clayton, georgia"
17549,"clayton, iowa"
9700,"clear creek, colorado"
79255,"clearfield, pennsylvania"
8756,"clearwater, idaho"
8818,"clearwater, minnesota"
14910,"cleburne, alabama"
24919,"cleburne, arkansas"
206428,"clermont, ohio"
7956,"cleveland, arkansas"
97947,"cleveland, north carolina"
284014,"cleveland, oklahoma"
6618,"clinch, georgia"
37562,"clinton, illinois"
32399,"clinton, indiana"
46429,"clinton, iowa"
10218,"clinton, kentucky"
79595,"clinton, michigan"
20387,"clinton, missouri"
80485,"clinton, new york"
41968,"clinton, ohio"
38632,"clinton, pennsylvania"
8786,"cloud, kansas"
22124,"coahoma, mississippi"
5495,"coal, oklahoma"
760141,"cobb, georgia"
125922,"cochise, arizona"
2853,"cochran, texas"
36004,"cocke, tennessee"
143476,"coconino, arizona"
28009,"codington, south dakota"
52342,"coffee, alabama"
43273,"coffee, georgia"
56520,"coffee, tennessee"
8179,"coffey, kansas"
3387,"coke, texas"
55241,"colbert, alabama"
76745,"cole, missouri"
8175,"coleman, texas"
50621,"coles, illinois"
10709,"colfax, nebraska"
11941,"colfax, new mexico"
37677,"colleton, south carolina"
384902,"collier, florida"
1034730,"collin, texas"
2920,"collingsworth, texas"
17370,"colonial heights, virginia"
21493,"colorado, texas"
45600,"colquitt, georgia"
23457,"columbia, arkansas"
71686,"columbia, florida"
156714,"columbia, georgia"
59461,"columbia, new york"
52354,"columbia, oregon"
64964,"columbia, pennsylvania"
3985,"columbia, washington"
57532,"columbia, wisconsin"
101883,"columbiana, ohio"
55508,"columbus, north carolina"
21547,"colusa, california"
156209,"comal, texas"
1700,"comanche, kansas"
120749,"comanche, oklahoma"
13635,"comanche, texas"
2726,"concho, texas"
19259,"concordia, louisiana"
12067,"conecuh, alabama"
8205,"conejos, colorado"
1153526,"contra costa, california"
13822,"converse, wyoming"
20846,"conway, arkansas"
17270,"cook, georgia"
5150233,"cook, illinois"
5463,"cook, minnesota"
41257,"cooke, texas"
17709,"cooper, missouri"
31563,"coos, new hampshire"
64487,"coos, oregon"
10663,"coosa, alabama"
28065,"copiah, mississippi"
4086,"corson, south dakota"
47581,"cortland, new york"
75951,"coryell, texas"
36600,"coshocton, ohio"
3887,"costilla, colorado"
1398,"cottle, texas"
5666,"cotton, oklahoma"
11196,"cottonwood, minnesota"
37049,"covington, alabama"
18636,"covington, mississippi"
5538,"covington, virginia"
148509,"coweta, georgia"
34908,"cowley, kansas"
110593,"cowlitz, washington"
14142,"craig, oklahoma"
5131,"craig, virginia"
110332,"craighead, arkansas"
4797,"crane, texas"
102139,"craven, north carolina"
63257,"crawford, arkansas"
12404,"crawford, georgia"
18667,"crawford, illinois"
10577,"crawford, indiana"
16820,"crawford, iowa"
38818,"crawford, kansas"
14029,"crawford, michigan"
23920,"crawford, missouri"
41494,"crawford, ohio"
84629,"crawford, pennsylvania"
16131,"crawford, wisconsin"
71522,"creek, oklahoma"
13772,"crenshaw, alabama"
22372,"crisp, georgia"
47955,"crittenden, arkansas"
8806,"crittenden, kentucky"
14230,"crockett, tennessee"
3464,"crockett, texas"
24404,"crook, oregon"
7584,"crook, wyoming"
5737,"crosby, texas"
16419,"cross, arkansas"
65055,"crow wing, minnesota"
6061,"crowley, colorado"
2171,"culberson, texas"
83768,"cullman, alabama"
52605,"culpeper, virginia"
10766,"cumberland, illinois"
6614,"cumberland, kentucky"
295003,"cumberland, maine"
149527,"cumberland, new jersey"
335509,"cumberland, north carolina"
253370,"cumberland, pennsylvania"
60520,"cumberland, tennessee"
9932,"cumberland, virginia"
8846,"cuming, nebraska"
27763,"currituck, north carolina"
48954,"curry, new mexico"
22925,"curry, oregon"
5068,"custer, colorado"
4315,"custer, idaho"
11402,"custer, montana"
10777,"custer, nebraska"
29003,"custer, oklahoma"
8972,"custer, south dakota"
1235072,"cuyahoga, ohio"
16116,"dade, georgia"
7561,"dade, missouri"
950,"daggett, utah"
429021,"dakota, minnesota"
20026,"dakota, nebraska"
49172,"dale, alabama"
7287,"dallam, texas"
37196,"dallas, alabama"
7009,"dallas, arkansas"
93453,"dallas, iowa"
16878,"dallas, missouri"
2635516,"dallas, texas"
546695,"dane, wisconsin"
1690,"daniels, montana"
40044,"danville, virginia"
37009,"dare, north carolina"
51113,"darke, ohio"
66618,"darlington, south carolina"
278299,"dauphin, pennsylvania"
167609,"davidson, north carolina"
694144,"davidson, tennessee"
42846,"davie, north carolina"
33351,"daviess, indiana"
101511,"daviess, kentucky"
8278,"daviess, missouri"
9000,"davis, iowa"
355481,"davis, utah"
19775,"davison, south dakota"
8589,"dawes, nebraska"
26108,"dawson, georgia"
8613,"dawson, montana"
23595,"dawson, nebraska"
12728,"dawson, texas"
5424,"day, south dakota"
1748,"de baca, new mexico"
27463,"de soto, louisiana"
15638,"de witt, illinois"
18546,"deaf smith, texas"
49458,"dearborn, indiana"
26404,"decatur, georgia"
26559,"decatur, indiana"
7870,"decatur, iowa"
2827,"decatur, kansas"
11663,"decatur, tennessee"
9140,"deer lodge, montana"
38087,"defiance, ohio"
71513,"dekalb, alabama"
759297,"dekalb, georgia"
104897,"dekalb, illinois"
43475,"dekalb, indiana"
12547,"dekalb, missouri"
20490,"dekalb, tennessee"
27812,"del norte, california"
114135,"delaware, indiana"
17011,"delaware, iowa"
44135,"delaware, new york"
209177,"delaware, ohio"
43009,"delaware, oklahoma"
566747,"delaware, pennsylvania"
31162,"delta, colorado"
35784,"delta, michigan"
5331,"delta, texas"
2097,"denali, alaska"
15573,"dent, missouri"
887207,"denton, texas"
727211,"denver, colorado"
38967,"des moines, iowa"
197692,"deschutes, oregon"
11361,"desha, arkansas"
38001,"desoto, florida"
184945,"desoto, mississippi"
1794,"deuel, nebraska"
4351,"deuel, south dakota"
4891,"dewey, oklahoma"
5892,"dewey, south dakota"
20160,"dewitt, texas"
2211,"dickens, texas"
14318,"dickenson, virginia"
4872,"dickey, north dakota"
17258,"dickinson, iowa"
18466,"dickinson, kansas"
25239,"dickinson, michigan"
53948,"dickson, tennessee"
30479,"dillon, south carolina"
10124,"dimmit, texas"
28544,"dinwiddie, virginia"
2264,"divide, north dakota"
16826,"dixie, florida"
5636,"dixon, nebraska"
8448,"doddridge, west virginia"
20605,"dodge, georgia"
20934,"dodge, minnesota"
36565,"dodge, nebraska"
87839,"dodge, wisconsin"
2055,"dolores, colorado"
7600,"doniphan, kansas"
3278,"donley, texas"
13390,"dooly, georgia"
27668,"door, wisconsin"
31929,"dorchester, maryland"
162809,"dorchester, south carolina"
87956,"dougherty, georgia"
351154,"douglas, colorado"
146343,"douglas, georgia"
19465,"douglas, illinois"
122259,"douglas, kansas"
38141,"douglas, minnesota"
13185,"douglas, missouri"
571327,"douglas, nebraska"
48905,"douglas, nevada"
110980,"douglas, oregon"
2921,"douglas, south dakota"
43429,"douglas, washington"
43150,"douglas, wisconsin"
218195,"doã±a ana, new mexico"
18219,"drew, arkansas"
42736,"dubois, indiana"
97311,"dubuque, iowa"
19938,"duchesne, utah"
17332,"dukes, massachusetts"
1693,"dundy, nebraska"
29131,"dunklin, missouri"
4424,"dunn, north dakota"
45368,"dunn, wisconsin"
922921,"dupage, illinois"
58741,"duplin, north carolina"
321488,"durham, north carolina"
294218,"dutchess, new york"
957755,"duval, florida"
11157,"duval, texas"
37159,"dyer, tennessee"
55127,"eagle, colorado"
10190,"early, georgia"
440059,"east baton rouge, louisiana"
6861,"east carroll, louisiana"
19135,"east feliciana, louisiana"
18360,"eastland, texas"
110268,"eaton, michigan"
104646,"eau claire, wisconsin"
4006,"echols, georgia"
166223,"ector, texas"
58460,"eddy, new mexico"
2287,"eddy, north dakota"
17161,"edgar, illinois"
51472,"edgecombe, north carolina"
27260,"edgefield, south carolina"
12150,"edmonson, kentucky"
3829,"edmunds, south dakota"
6395,"edwards, illinois"
2798,"edwards, kansas"
1932,"edwards, texas"
64296,"effingham, georgia"
34008,"effingham, illinois"
192843,"el dorado, california"
720403,"el paso, colorado"
839238,"el paso, texas"
26729,"elbert, colorado"
19194,"elbert, georgia"
2530,"elk, kansas"
29910,"elk, pennsylvania"
206341,"elkhart, indiana"
52778,"elko, nevada"
7517,"elliott, kentucky"
28553,"ellis, kansas"
3859,"ellis, oklahoma"
184826,"ellis, texas"
6102,"ellsworth, kansas"
81209,"elmore, alabama"
27511,"elmore, idaho"
22646,"emanuel, georgia"
10012,"emery, utah"
9208,"emmet, iowa"
33415,"emmet, michigan"
3241,"emmons, north dakota"
5346,"emporia, virginia"
42698,"erath, texas"
918702,"erie, new york"
74266,"erie, ohio"
269728,"erie, pennsylvania"
36633,"escambia, alabama"
318316,"escambia, florida"
873,"esmeralda, nevada"
789034,"essex, massachusetts"
798975,"essex, new jersey"
36885,"essex, new york"
6163,"essex, vermont"
10953,"essex, virginia"
14106,"estill, kentucky"
102268,"etowah, alabama"
2029,"eureka, nevada"
33395,"evangeline, louisiana"
10654,"evans, georgia"
96849,"fairbanks north star, alaska"
24019,"fairfax, virginia"
1147532,"fairfax, virginia"
943332,"fairfield, connecticut"
157574,"fairfield, ohio"
22347,"fairfield, south carolina"
6713,"fall river, south dakota"
2846,"fallon, montana"
14617,"falls church, virginia"
17297,"falls, texas"
26188,"fannin, georgia"
35514,"fannin, texas"
13653,"faribault, minnesota"
2299,"faulk, south dakota"
126007,"faulkner, arkansas"
71222,"fauquier, virginia"
16302,"fayette, alabama"
114421,"fayette, georgia"
21336,"fayette, illinois"
23102,"fayette, indiana"
19650,"fayette, iowa"
323152,"fayette, kentucky"
28525,"fayette, ohio"
129274,"fayette, pennsylvania"
41133,"fayette, tennessee"
25346,"fayette, texas"
42406,"fayette, west virginia"
18523,"fentress, tennessee"
11050,"fergus, montana"
7627,"ferry, washington"
21067,"fillmore, minnesota"
5462,"fillmore, nebraska"
36467,"finney, kansas"
3830,"fisher, texas"
115081,"flagler, florida"
103806,"flathead, montana"
14581,"fleming, kentucky"
138293,"florence, south carolina"
4295,"florence, wisconsin"
98498,"floyd, georgia"
78522,"floyd, indiana"
15642,"floyd, iowa"
35589,"floyd, kentucky"
5712,"floyd, texas"
15749,"floyd, virginia"
27270,"fluvanna, virginia"
1155,"foard, texas"
103403,"fond du lac, wisconsin"
12961,"ford, illinois"
33619,"ford, kansas"
7247,"forest, pennsylvania"
9004,"forest, wisconsin"
74897,"forrest, mississippi"
244252,"forsyth, georgia"
382295,"forsyth, north carolina"
811688,"fort bend, texas"
3210,"foster, north dakota"
16346,"fountain, indiana"
31362,"franklin, alabama"
17715,"franklin, arkansas"
12125,"franklin, florida"
23349,"franklin, georgia"
13876,"franklin, idaho"
38469,"franklin, illinois"
22758,"franklin, indiana"
10070,"franklin, iowa"
25544,"franklin, kansas"
50991,"franklin, kentucky"
20015,"franklin, louisiana"
30199,"franklin, maine"
70180,"franklin, massachusetts"
7713,"franklin, mississippi"
103967,"franklin, missouri"
2979,"franklin, nebraska"
50022,"franklin, new york"
69685,"franklin, north carolina"
1316756,"franklin, ohio"
155027,"franklin, pennsylvania"
42208,"franklin, tennessee"
10725,"franklin, texas"
49402,"franklin, vermont"
7967,"franklin, virginia"
56042,"franklin, virginia"
95222,"franklin, washington"
259547,"frederick, maryland"
89313,"frederick, virginia"
29036,"fredericksburg, virginia"
30281,"freeborn, minnesota"
19717,"freestone, texas"
47839,"fremont, colorado"
13099,"fremont, idaho"
6960,"fremont, iowa"
39261,"fremont, wyoming"
999101,"fresno, california"
20306,"frio, texas"
2627,"frontier, nebraska"
12477,"fulton, arkansas"
1063937,"fulton, georgia"
34340,"fulton, illinois"
19974,"fulton, indiana"
5969,"fulton, kentucky"
53383,"fulton, new york"
42126,"fulton, ohio"
14530,"fulton, pennsylvania"
4676,"furnas, nebraska"
45660,"gadsden, florida"
21513,"gage, nebraska"
21492,"gaines, texas"
6347,"galax, virginia"
4828,"gallatin, illinois"
8869,"gallatin, kentucky"
114434,"gallatin, montana"
29898,"gallia, ohio"
342139,"galveston, texas"
1837,"garden, nebraska"
60061,"garfield, colorado"
1258,"garfield, montana"
1969,"garfield, nebraska"
61056,"garfield, oklahoma"
5051,"garfield, utah"
2225,"garfield, washington"
99386,"garland, arkansas"
17666,"garrard, kentucky"
29014,"garrett, maryland"
27711,"garvin, oklahoma"
6229,"garza, texas"
14706,"gasconade, missouri"
224529,"gaston, north carolina"
11562,"gates, north carolina"
31670,"geary, kansas"
93649,"geauga, ohio"
18112,"gem, idaho"
405813,"genesee, michigan"
57280,"genesee, new york"
26271,"geneva, alabama"
6571,"gentry, missouri"
24500,"george, mississippi"
62680,"georgetown, south carolina"
33659,"gibson, indiana"
49133,"gibson, tennessee"
54018,"gila, arizona"
18582,"gilchrist, florida"
29464,"giles, tennessee"
16720,"giles, virginia"
26988,"gillespie, texas"
1912,"gilliam, oregon"
31369,"gilmer, georgia"
7823,"gilmer, west virginia"
6243,"gilpin, colorado"
13753,"glacier, montana"
13811,"glades, florida"
25449,"gladwin, michigan"
2971,"glascock, georgia"
1409,"glasscock, texas"
28393,"glenn, california"
291636,"gloucester, new jersey"
37348,"gloucester, virginia"
85292,"glynn, georgia"
13975,"gogebic, michigan"
821,"golden valley, montana"
1761,"golden valley, north dakota"
7658,"goliad, texas"
20837,"gonzales, texas"
23753,"goochland, virginia"
46340,"goodhue, minnesota"
15179,"gooding, idaho"
57963,"gordon, georgia"
13211,"goshen, wyoming"
1990,"gosper, nebraska"
2636,"gove, kansas"
24633,"grady, georgia"
55834,"grady, oklahoma"
89886,"grafton, new hampshire"
38837,"graham, arizona"
2482,"graham, kansas"
8441,"graham, north carolina"
23320,"grainger, tennessee"
69451,"grand forks, north dakota"
7235,"grand isle, vermont"
93088,"grand traverse, michigan"
15734,"grand, colorado"
9754,"grand, utah"
3379,"granite, montana"
18265,"grant, arkansas"
65769,"grant, indiana"
7150,"grant, kansas"
25069,"grant, kentucky"
22389,"grant, louisiana"
5972,"grant, minnesota"
623,"grant, nebraska"
26998,"grant, new mexico"
2274,"grant, north dakota"
4333,"grant, oklahoma"
7199,"grant, oregon"
7052,"grant, south dakota"
97733,"grant, washington"
11568,"grant, west virginia"
51439,"grant, wisconsin"
60443,"granville, north carolina"
40711,"gratiot, michigan"
37266,"graves, kentucky"
5988,"gray, kansas"
21886,"gray, texas"
75061,"grays harbor, washington"
26427,"grayson, kentucky"
136212,"grayson, texas"
15550,"grayson, virginia"
1232,"greeley, kansas"
2356,"greeley, nebraska"
18913,"green lake, wisconsin"
10941,"green, kentucky"
36960,"green, wisconsin"
34662,"greenbrier, west virginia"
8111,"greene, alabama"
45325,"greene, arkansas"
18324,"greene, georgia"
12969,"greene, illinois"
31922,"greene, indiana"
8888,"greene, iowa"
13586,"greene, mississippi"
293086,"greene, missouri"
47188,"greene, new york"
21069,"greene, north carolina"
168937,"greene, ohio"
36233,"greene, pennsylvania"
69069,"greene, tennessee"
19819,"greene, virginia"
9498,"greenlee, arizona"
11336,"greensville, virginia"
35098,"greenup, kentucky"
523542,"greenville, south carolina"
5982,"greenwood, kansas"
70811,"greenwood, south carolina"
5712,"greer, oklahoma"
123945,"gregg, texas"
4185,"gregory, south dakota"
20758,"grenada, mississippi"
2231,"griggs, north dakota"
28880,"grimes, texas"
51054,"grundy, illinois"
12232,"grundy, iowa"
9850,"grundy, missouri"
13427,"grundy, tennessee"
4300,"guadalupe, new mexico"
166847,"guadalupe, texas"
38875,"guernsey, ohio"
537174,"guilford, north carolina"
13639,"gulf, florida"
17462,"gunnison, colorado"
10689,"guthrie, iowa"
936250,"gwinnett, georgia"
1899,"haakon, south dakota"
45328,"habersham, georgia"
2530,"haines, alaska"
14651,"hale, alabama"
33406,"hale, texas"
50010,"halifax, north carolina"
33911,"halifax, virginia"
204441,"hall, georgia"
61353,"hall, nebraska"
2964,"hall, texas"
64934,"hamblen, tennessee"
14428,"hamilton, florida"
8116,"hamilton, illinois"
338011,"hamilton, indiana"
14773,"hamilton, iowa"
2539,"hamilton, kansas"
9324,"hamilton, nebraska"
4416,"hamilton, new york"
817473,"hamilton, ohio"
367804,"hamilton, tennessee"
8461,"hamilton, texas"
6164,"hamlin, south dakota"
466372,"hampden, massachusetts"
160830,"hampshire, massachusetts"
23175,"hampshire, west virginia"
19222,"hampton, south carolina"
134510,"hampton, virginia"
8457,"hancock, georgia"
17708,"hancock, illinois"
78168,"hancock, indiana"
10630,"hancock, iowa"
8722,"hancock, kentucky"
54987,"hancock, maine"
47632,"hancock, mississippi"
75783,"hancock, ohio"
6620,"hancock, tennessee"
28810,"hancock, west virginia"
3191,"hand, south dakota"
107766,"hanover, virginia"
5399,"hansford, texas"
3453,"hanson, south dakota"
29792,"haralson, georgia"
26937,"hardee, florida"
25050,"hardeman, tennessee"
3933,"hardeman, texas"
3821,"hardin, illinois"
16846,"hardin, iowa"
110958,"hardin, kentucky"
31365,"hardin, ohio"
25652,"hardin, tennessee"
57602,"hardin, texas"
625,"harding, new mexico"
1298,"harding, south dakota"
13776,"hardy, west virginia"
255441,"harford, maryland"
26010,"harlan, kentucky"
3380,"harlan, nebraska"
2653,"harmon, oklahoma"
135976,"harnett, north carolina"
7393,"harney, oregon"
5436,"harper, kansas"
3688,"harper, oklahoma"
35236,"harris, georgia"
4713325,"harris, texas"
40515,"harrison, indiana"
14049,"harrison, iowa"
18886,"harrison, kentucky"
208080,"harrison, mississippi"
8352,"harrison, missouri"
15040,"harrison, ohio"
66553,"harrison, texas"
67256,"harrison, west virginia"
53016,"harrisonburg, virginia"
26205,"hart, georgia"
19035,"hart, kentucky"
891720,"hartford, connecticut"
5576,"hartley, texas"
34429,"harvey, kansas"
3968,"haskell, kansas"
12627,"haskell, oklahoma"
5658,"haskell, texas"
201513,"hawaii, hawaii"
56786,"hawkins, tennessee"
922,"hayes, nebraska"
230191,"hays, texas"
62317,"haywood, north carolina"
17304,"haywood, tennessee"
11923,"heard, georgia"
3819,"hemphill, texas"
21532,"hempstead, arkansas"
6646,"henderson, illinois"
45210,"henderson, kentucky"
117417,"henderson, north carolina"
28117,"henderson, tennessee"
82737,"henderson, texas"
170311,"hendricks, indiana"
42022,"hendry, florida"
1265843,"hennepin, minnesota"
330818,"henrico, virginia"
17205,"henry, alabama"
234561,"henry, georgia"
48913,"henry, illinois"
47972,"henry, indiana"
19954,"henry, iowa"
16126,"henry, kentucky"
21824,"henry, missouri"
27006,"henry, ohio"
32345,"henry, tennessee"
50557,"henry, virginia"
61319,"herkimer, new york"
193920,"hernando, florida"
23677,"hertford, north carolina"
2499,"hettinger, north dakota"
4380,"hickman, kentucky"
25178,"hickman, tennessee"
9544,"hickory, missouri"
4198,"hidalgo, new mexico"
868707,"hidalgo, texas"
43161,"highland, ohio"
2190,"highland, virginia"
106221,"highlands, florida"
16484,"hill, montana"
36649,"hill, texas"
1471968,"hillsborough, florida"
417025,"hillsborough, new hampshire"
45605,"hillsdale, michigan"
231840,"hinds, mississippi"
820,"hinsdale, colorado"
2762,"hitchcock, nebraska"
28264,"hocking, ohio"
23021,"hockley, texas"
1794,"hodgeman, kansas"
55234,"hoke, north carolina"
19617,"holmes, florida"
17010,"holmes, mississippi"
43960,"holmes, ohio"
4403,"holt, missouri"
10067,"holt, nebraska"
974563,"honolulu, hawaii"
23382,"hood river, oregon"
61643,"hood, texas"
682,"hooker, nebraska"
22529,"hopewell, virginia"
44686,"hopkins, kentucky"
37084,"hopkins, texas"
354081,"horry, south carolina"
33771,"hot spring, arkansas"
4413,"hot springs, wyoming"
35684,"houghton, michigan"
105882,"houston, alabama"
157863,"houston, georgia"
18600,"houston, minnesota"
8201,"houston, tennessee"
22968,"houston, texas"
13202,"howard, arkansas"
82544,"howard, indiana"
9158,"howard, iowa"
325690,"howard, maryland"
10001,"howard, missouri"
6445,"howard, nebraska"
36664,"howard, texas"
40117,"howell, missouri"
21491,"hubbard, minnesota"
672391,"hudson, new jersey"
4886,"hudspeth, texas"
6897,"huerfano, colorado"
13279,"hughes, oklahoma"
17526,"hughes, south dakota"
135558,"humboldt, california"
9558,"humboldt, iowa"
16831,"humboldt, nevada"
8064,"humphreys, mississippi"
18582,"humphreys, tennessee"
98594,"hunt, texas"
124371,"hunterdon, new jersey"
45144,"huntingdon, pennsylvania"
36520,"huntington, indiana"
30981,"huron, michigan"
58266,"huron, ohio"
7291,"hutchinson, south dakota"
20938,"hutchinson, texas"
4937,"hyde, north carolina"
1301,"hyde, south dakota"
69830,"iberia, louisiana"
32511,"iberville, louisiana"
6860,"ida, iowa"
16667,"idaho, idaho"
181215,"imperial, california"
37825,"independence, arkansas"
159923,"indian river, florida"
84073,"indiana, pennsylvania"
292406,"ingham, michigan"
18039,"inyo, california"
64697,"ionia, michigan"
25127,"iosco, michigan"
16184,"iowa, iowa"
23678,"iowa, wisconsin"
181806,"iredell, north carolina"
1536,"irion, texas"
11066,"iron, michigan"
10125,"iron, missouri"
54839,"iron, utah"
5687,"iron, wisconsin"
27114,"iroquois, illinois"
9416,"irwin, georgia"
69872,"isabella, michigan"
40596,"isanti, minnesota"
85141,"island, washington"
37109,"isle of wight, virginia"
1327,"issaquena, mississippi"
45130,"itasca, minnesota"
23390,"itawamba, mississippi"
13629,"izard, arkansas"
8935,"jack, texas"
51626,"jackson, alabama"
16719,"jackson, arkansas"
1392,"jackson, colorado"
46414,"jackson, florida"
72977,"jackson, georgia"
56750,"jackson, illinois"
44231,"jackson, indiana"
19439,"jackson, iowa"
13171,"jackson, kansas"
13329,"jackson, kentucky"
15744,"jackson, louisiana"
158510,"jackson, michigan"
9846,"jackson, minnesota"
143617,"jackson, mississippi"
703011,"jackson, missouri"
43938,"jackson, north carolina"
32413,"jackson, ohio"
24530,"jackson, oklahoma"
220944,"jackson, oregon"
3344,"jackson, south dakota"
11786,"jackson, tennessee"
14760,"jackson, texas"
28576,"jackson, west virginia"
20643,"jackson, wisconsin"
76523,"james city, virginia"
14219,"jasper, georgia"
9610,"jasper, illinois"
33562,"jasper, indiana"
37185,"jasper, iowa"
16383,"jasper, mississippi"
121328,"jasper, missouri"
30073,"jasper, south carolina"
35529,"jasper, texas"
20436,"jay, indiana"
15115,"jeff davis, georgia"
2274,"jeff davis, texas"
31368,"jefferson davis, louisiana"
11128,"jefferson davis, mississippi"
658573,"jefferson, alabama"
66824,"jefferson, arkansas"
582881,"jefferson, colorado"
14246,"jefferson, florida"
15362,"jefferson, georgia"
29871,"jefferson, idaho"
37684,"jefferson, illinois"
32308,"jefferson, indiana"
18295,"jefferson, iowa"
19043,"jefferson, kansas"
766757,"jefferson, kentucky"
432493,"jefferson, louisiana"
6990,"jefferson, mississippi"
225081,"jefferson, missouri"
12221,"jefferson, montana"
7046,"jefferson, nebraska"
109834,"jefferson, new york"
65325,"jefferson, ohio"
6002,"jefferson, oklahoma"
24658,"jefferson, oregon"
43425,"jefferson, pennsylvania"
54495,"jefferson, tennessee"
251565,"jefferson, texas"
32221,"jefferson, washington"
57146,"jefferson, west virginia"
84769,"jefferson, wisconsin"
8676,"jenkins, georgia"
27735,"jennings, indiana"
2013,"jerauld, south dakota"
24412,"jerome, idaho"
21773,"jersey, illinois"
54115,"jessamine, kentucky"
2879,"jewell, kansas"
5200,"jim hogg, texas"
40482,"jim wells, texas"
21235,"jo daviess, illinois"
26578,"johnson, arkansas"
9643,"johnson, georgia"
12417,"johnson, illinois"
158167,"johnson, indiana"
151140,"johnson, iowa"
602401,"johnson, kansas"
22188,"johnson, kentucky"
54062,"johnson, missouri"
5071,"johnson, nebraska"
17788,"johnson, tennessee"
175817,"johnson, texas"
8445,"johnson, wyoming"
209339,"johnston, north carolina"
11085,"johnston, oklahoma"
28735,"jones, georgia"
20681,"jones, iowa"
68098,"jones, mississippi"
9419,"jones, north carolina"
903,"jones, south dakota"
20083,"jones, texas"
87487,"josephine, oregon"
12017,"juab, utah"
2007,"judith basin, montana"
31974,"juneau, alaska"
26687,"juneau, wisconsin"
24763,"juniata, pennsylvania"
265066,"kalamazoo, michigan"
86,"kalawao, hawaii"
18038,"kalkaska, michigan"
16337,"kanabec, minnesota"
178124,"kanawha, west virginia"
43199,"kandiyohi, minnesota"
532403,"kane, illinois"
7886,"kane, utah"
109862,"kankakee, illinois"
15601,"karnes, texas"
72293,"kauai, hawaii"
136154,"kaufman, texas"
43538,"kay, oklahoma"
6495,"kearney, nebraska"
3838,"kearny, kansas"
8034,"keith, nebraska"
9742,"kemper, mississippi"
58708,"kenai peninsula, alaska"
128990,"kendall, illinois"
47431,"kendall, texas"
404,"kenedy, texas"
122302,"kennebec, maine"
169561,"kenosha, wisconsin"
180786,"kent, delaware"
19422,"kent, maryland"
656955,"kent, michigan"
164292,"kent, rhode island"
762,"kent, texas"
166998,"kenton, kentucky"
10246,"keokuk, iowa"
900202,"kern, california"
52600,"kerr, texas"
66551,"kershaw, south carolina"
13901,"ketchikan gateway, alaska"
20434,"kewaunee, wisconsin"
2116,"keweenaw, michigan"
806,"keya paha, nebraska"
2480,"kidder, north dakota"
3632,"kimball, nebraska"
4337,"kimble, texas"
7025,"king and queen, virginia"
26836,"king george, virginia"
17148,"king william, virginia"
272,"king, texas"
2252782,"king, washington"
15765,"kingfisher, oklahoma"
7152,"kingman, kansas"
152940,"kings, california"
2559903,"kings, new york"
4939,"kingsbury, south dakota"
3667,"kinney, texas"
1406,"kiowa, colorado"
2475,"kiowa, kansas"
8708,"kiowa, oklahoma"
7097,"kit carson, colorado"
271473,"kitsap, washington"
47935,"kittitas, washington"
4298,"kittson, minnesota"
68238,"klamath, oregon"
30680,"kleberg, texas"
22425,"klickitat, washington"
14806,"knott, kentucky"
49699,"knox, illinois"
36594,"knox, indiana"
31145,"knox, kentucky"
39772,"knox, maine"
3959,"knox, missouri"
8332,"knox, nebraska"
62322,"knox, ohio"
470313,"knox, tennessee"
3664,"knox, texas"
12998,"kodiak island, alaska"
12229,"koochiching, minnesota"
165697,"kootenai, idaho"
79456,"kosciusko, indiana"
14813,"kossuth, iowa"
118016,"la crosse, wisconsin"
21108,"la paz, arizona"
56221,"la plata, colorado"
7520,"la salle, texas"
19618,"labette, kansas"
6623,"lac qui parle, minnesota"
209674,"lackawanna, pennsylvania"
35723,"laclede, missouri"
6624,"lafayette, arkansas"
8422,"lafayette, florida"
244390,"lafayette, louisiana"
54019,"lafayette, mississippi"
32708,"lafayette, missouri"
16665,"lafayette, wisconsin"
97614,"lafourche, louisiana"
39614,"lagrange, indiana"
1592,"lake and peninsula, alaska"
3740,"lake of the woods, minnesota"
64386,"lake, california"
8127,"lake, colorado"
367118,"lake, florida"
696535,"lake, illinois"
485493,"lake, indiana"
11853,"lake, michigan"
10641,"lake, minnesota"
30458,"lake, montana"
230149,"lake, ohio"
7869,"lake, oregon"
12797,"lake, south dakota"
7016,"lake, tennessee"
13805,"lamar, alabama"
19077,"lamar, georgia"
63343,"lamar, mississippi"
49859,"lamar, texas"
12893,"lamb, texas"
25362,"lamoille, vermont"
4046,"lamoure, north dakota"
21428,"lampasas, texas"
319090,"lancaster, nebraska"
545724,"lancaster, pennsylvania"
98012,"lancaster, south carolina"
10603,"lancaster, virginia"
5532,"lander, nevada"
1535,"lane, kansas"
382067,"lane, oregon"
19189,"langlade, wisconsin"
10423,"lanier, georgia"
87607,"lapeer, michigan"
109888,"laporte, indiana"
99500,"laramie, wyoming"
356899,"larimer, colorado"
14398,"larue, kentucky"
14506,"las animas, colorado"
108669,"lasalle, illinois"
14892,"lasalle, louisiana"
30573,"lassen, california"
40108,"latah, idaho"
10073,"latimer, oklahoma"
92729,"lauderdale, alabama"
74125,"lauderdale, mississippi"
25633,"lauderdale, tennessee"
60813,"laurel, kentucky"
47546,"laurens, georgia"
67493,"laurens, south carolina"
20154,"lavaca, texas"
32924,"lawrence, alabama"
16406,"lawrence, arkansas"
15678,"lawrence, illinois"
45370,"lawrence, indiana"
15317,"lawrence, kentucky"
12586,"lawrence, mississippi"
38355,"lawrence, missouri"
59463,"lawrence, ohio"
85512,"lawrence, pennsylvania"
25844,"lawrence, south dakota"
44142,"lawrence, tennessee"
49853,"le flore, oklahoma"
28887,"le sueur, minnesota"
71070,"lea, new mexico"
22786,"leake, mississippi"
81758,"leavenworth, kansas"
141793,"lebanon, pennsylvania"
164542,"lee, alabama"
8857,"lee, arkansas"
770577,"lee, florida"
29992,"lee, georgia"
34096,"lee, illinois"
33657,"lee, iowa"
7403,"lee, kentucky"
85436,"lee, mississippi"
61779,"lee, north carolina"
16828,"lee, south carolina"
17239,"lee, texas"
23423,"lee, virginia"
21761,"leelanau, michigan"
28183,"leflore, mississippi"
369318,"lehigh, pennsylvania"
8027,"lemhi, idaho"
98451,"lenawee, michigan"
55949,"lenoir, north carolina"
293582,"leon, florida"
17404,"leon, texas"
9877,"leslie, kentucky"
21553,"letcher, kentucky"
41503,"levy, florida"
69432,"lewis and clark, montana"
3838,"lewis, idaho"
13275,"lewis, kentucky"
9776,"lewis, missouri"
26296,"lewis, new york"
12268,"lewis, tennessee"
80707,"lewis, washington"
15907,"lewis, west virginia"
298750,"lexington, south carolina"
7446,"lexington, virginia"
8354,"liberty, florida"
61435,"liberty, georgia"
2337,"liberty, montana"
88219,"liberty, texas"
176862,"licking, ohio"
98915,"limestone, alabama"
23437,"limestone, texas"
13024,"lincoln, arkansas"
5701,"lincoln, colorado"
7921,"lincoln, georgia"
5366,"lincoln, idaho"
2962,"lincoln, kansas"
24549,"lincoln, kentucky"
46742,"lincoln, louisiana"
34634,"lincoln, maine"
5639,"lincoln, minnesota"
34153,"lincoln, mississippi"
59013,"lincoln, missouri"
19980,"lincoln, montana"
34914,"lincoln, nebraska"
5183,"lincoln, nevada"
19572,"lincoln, new mexico"
86111,"lincoln, north carolina"
34877,"lincoln, oklahoma"
49962,"lincoln, oregon"
61128,"lincoln, south dakota"
34366,"lincoln, tennessee"
10939,"lincoln, washington"
20409,"lincoln, west virginia"
27593,"lincoln, wisconsin"
19830,"lincoln, wyoming"
226706,"linn, iowa"
9703,"linn, kansas"
11920,"linn, missouri"
129749,"linn, oregon"
3233,"lipscomb, texas"
180333,"litchfield, connecticut"
12259,"little river, arkansas"
12207,"live oak, texas"
35648,"livingston, illinois"
9194,"livingston, kentucky"
140789,"livingston, louisiana"
191995,"livingston, michigan"
15227,"livingston, missouri"
62914,"livingston, new york"
21795,"llano, texas"
21466,"logan, arkansas"
22409,"logan, colorado"
28618,"logan, illinois"
2794,"logan, kansas"
27102,"logan, kentucky"
748,"logan, nebraska"
1850,"logan, north dakota"
45672,"logan, ohio"
48011,"logan, oklahoma"
32019,"logan, west virginia"
19559,"long, georgia"
73309,"lonoke, arkansas"
309833,"lorain, ohio"
19369,"los alamos, new mexico"
10039107,"los angeles, california"
54068,"loudon, tennessee"
413538,"loudoun, virginia"
11035,"louisa, iowa"
37591,"louisa, virginia"
664,"loup, nebraska"
10253,"love, oklahoma"
169,"loving, texas"
9726,"lowndes, alabama"
117406,"lowndes, georgia"
58595,"lowndes, mississippi"
310569,"lubbock, texas"
8600,"lucas, iowa"
428348,"lucas, ohio"
6229,"luce, michigan"
33610,"lumpkin, georgia"
23709,"luna, new mexico"
12196,"lunenburg, virginia"
317417,"luzerne, pennsylvania"
113299,"lycoming, pennsylvania"
3781,"lyman, south dakota"
82168,"lynchburg, virginia"
5951,"lynn, texas"
11755,"lyon, iowa"
33195,"lyon, kansas"
8210,"lyon, kentucky"
25474,"lyon, minnesota"
57510,"lyon, nevada"
10799,"mackinac, michigan"
873972,"macomb, michigan"
18068,"macon, alabama"
12947,"macon, georgia"
104009,"macon, illinois"
15117,"macon, missouri"
35858,"macon, north carolina"
24602,"macon, tennessee"
44926,"macoupin, illinois"
157327,"madera, california"
372909,"madison, alabama"
16576,"madison, arkansas"
18493,"madison, florida"
29880,"madison, georgia"
39907,"madison, idaho"
262966,"madison, illinois"
129569,"madison, indiana"
16338,"madison, iowa"
92987,"madison, kentucky"
10951,"madison, louisiana"
106272,"madison, mississippi"
12088,"madison, missouri"
8600,"madison, montana"
35099,"madison, nebraska"
70941,"madison, new york"
21755,"madison, north carolina"
44731,"madison, ohio"
97984,"madison, tennessee"
14284,"madison, texas"
13261,"madison, virginia"
12161,"magoffin, kentucky"
22095,"mahaska, iowa"
5527,"mahnomen, minnesota"
228683,"mahoning, ohio"
7629,"major, oklahoma"
30571,"malheur, oregon"
17478,"manassas park, virginia"
41085,"manassas, virginia"
403253,"manatee, florida"
24558,"manistee, michigan"
78981,"manitowoc, wisconsin"
135692,"marathon, wisconsin"
18863,"marengo, alabama"
4485414,"maricopa, arizona"
8697,"maries, missouri"
258826,"marin, california"
40350,"marinette, wisconsin"
29709,"marion, alabama"
16694,"marion, arkansas"
365579,"marion, florida"
8359,"marion, georgia"
37205,"marion, illinois"
964582,"marion, indiana"
33253,"marion, iowa"
11884,"marion, kansas"
19273,"marion, kentucky"
24573,"marion, mississippi"
28530,"marion, missouri"
65093,"marion, ohio"
347818,"marion, oregon"
30657,"marion, south carolina"
28907,"marion, tennessee"
9854,"marion, texas"
56072,"marion, west virginia"
17203,"mariposa, california"
26118,"marlboro, south carolina"
66699,"marquette, michigan"
15574,"marquette, wisconsin"
96774,"marshall, alabama"
11438,"marshall, illinois"
46258,"marshall, indiana"
39369,"marshall, iowa"
9707,"marshall, kansas"
31100,"marshall, kentucky"
9336,"marshall, minnesota"
35294,"marshall, mississippi"
16931,"marshall, oklahoma"
4935,"marshall, south dakota"
34375,"marshall, tennessee"
30531,"marshall, west virginia"
161000,"martin, florida"
10255,"martin, indiana"
11195,"martin, kentucky"
19683,"martin, minnesota"
22440,"martin, north carolina"
5771,"martin, texas"
12554,"martinsville, virginia"
13359,"mason, illinois"
17070,"mason, kentucky"
29144,"mason, michigan"
4274,"mason, texas"
66768,"mason, washington"
26516,"mason, west virginia"
13772,"massac, illinois"
36643,"matagorda, texas"
108317,"matanuska-susitna, alaska"
8834,"mathews, virginia"
167417,"maui, hawaii"
96387,"maury, tennessee"
58722,"maverick, texas"
41100,"mayes, oklahoma"
40474,"mcclain, oklahoma"
1664,"mccone, montana"
5586,"mccook, south dakota"
9463,"mccormick, south carolina"
65418,"mccracken, kentucky"
17231,"mccreary, kentucky"
7984,"mcculloch, texas"
32832,"mccurtain, oklahoma"
22837,"mcdonald, missouri"
29682,"mcdonough, illinois"
45756,"mcdowell, north carolina"
17624,"mcdowell, west virginia"
21312,"mcduffie, georgia"
307774,"mchenry, illinois"
5745,"mchenry, north dakota"
14378,"mcintosh, georgia"
2497,"mcintosh, north dakota"
19596,"mcintosh, oklahoma"
40625,"mckean, pennsylvania"
15024,"mckenzie, north dakota"
71367,"mckinley, new mexico"
171517,"mclean, illinois"
9207,"mclean, kentucky"
9450,"mclean, north dakota"
256623,"mclennan, texas"
35893,"mcleod, minnesota"
53794,"mcminn, tennessee"
743,"mcmullen, texas"
25694,"mcnairy, tennessee"
28542,"mcpherson, kansas"
494,"mcpherson, nebraska"
2379,"mcpherson, south dakota"
4033,"meade, kansas"
28572,"meade, kentucky"
28332,"meade, south dakota"
1862,"meagher, montana"
1110356,"mecklenburg, north carolina"
30587,"mecklenburg, virginia"
43453,"mecosta, michigan"
179746,"medina, ohio"
51584,"medina, texas"
23222,"meeker, minnesota"
22907,"meigs, ohio"
12422,"meigs, tennessee"
2061,"mellette, south dakota"
12196,"menard, illinois"
2138,"menard, texas"
86749,"mendocino, california"
6489,"menifee, kentucky"
22780,"menominee, michigan"
4556,"menominee, wisconsin"
277680,"merced, california"
15437,"mercer, illinois"
21933,"mercer, kentucky"
3617,"mercer, missouri"
367430,"mercer, new jersey"
8187,"mercer, north dakota"
41172,"mercer, ohio"
109424,"mercer, pennsylvania"
58758,"mercer, west virginia"
21167,"meriwether, georgia"
7755,"merrick, nebraska"
151391,"merrimack, new hampshire"
154210,"mesa, colorado"
10071,"metcalfe, kentucky"
35516,"miami, indiana"
34237,"miami, kansas"
106987,"miami, ohio"
2716940,"miami-dade, florida"
162436,"middlesex, connecticut"
1611699,"middlesex, massachusetts"
825062,"middlesex, new jersey"
10582,"middlesex, virginia"
83156,"midland, michigan"
176832,"midland, texas"
46138,"mifflin, pennsylvania"
24823,"milam, texas"
13188,"millard, utah"
26277,"mille lacs, minnesota"
43257,"miller, arkansas"
5718,"miller, georgia"
25619,"miller, missouri"
15109,"mills, iowa"
4873,"mills, texas"
945726,"milwaukee, wisconsin"
2216,"miner, south dakota"
769,"mineral, colorado"
4397,"mineral, montana"
4505,"mineral, nevada"
26868,"mineral, west virginia"
23424,"mingo, west virginia"
21039,"minidoka, idaho"
193134,"minnehaha, south dakota"
15118,"missaukee, michigan"
40651,"mississippi, arkansas"
13180,"mississippi, missouri"
119600,"missoula, montana"
21863,"mitchell, georgia"
10586,"mitchell, iowa"
5979,"mitchell, kansas"
14964,"mitchell, north carolina"
8545,"mitchell, texas"
413210,"mobile, alabama"
8841,"modoc, california"
13283,"moffat, colorado"
212181,"mohave, arizona"
16132,"moniteau, missouri"
618795,"monmouth, new jersey"
14444,"mono, california"
8615,"monona, iowa"
105612,"monongalia, west virginia"
20733,"monroe, alabama"
6701,"monroe, arkansas"
74228,"monroe, florida"
27578,"monroe, georgia"
34637,"monroe, illinois"
148431,"monroe, indiana"
7707,"monroe, iowa"
10650,"monroe, kentucky"
150500,"monroe, michigan"
35252,"monroe, mississippi"
8644,"monroe, missouri"
741770,"monroe, new york"
13654,"monroe, ohio"
170271,"monroe, pennsylvania"
46545,"monroe, tennessee"
13275,"monroe, west virginia"
46253,"monroe, wisconsin"
19818,"montague, texas"
63888,"montcalm, michigan"
434061,"monterey, california"
26183,"montezuma, colorado"
226486,"montgomery, alabama"
8986,"montgomery, arkansas"
9172,"montgomery, georgia"
28414,"montgomery, illinois"
38338,"montgomery, indiana"
9917,"montgomery, iowa"
31829,"montgomery, kansas"
28157,"montgomery, kentucky"
1050688,"montgomery, maryland"
9775,"montgomery, mississippi"
11551,"montgomery, missouri"
49221,"montgomery, new york"
27173,"montgomery, north carolina"
531687,"montgomery, ohio"
830915,"montgomery, pennsylvania"
208993,"montgomery, tennessee"
607391,"montgomery, texas"
98535,"montgomery, virginia"
9328,"montmorency, michigan"
18230,"montour, pennsylvania"
42758,"montrose, colorado"
6576,"moody, south dakota"
100880,"moore, north carolina"
6488,"moore, tennessee"
20940,"moore, texas"
4521,"mora, new mexico"
24874,"morehouse, louisiana"
119679,"morgan, alabama"
29068,"morgan, colorado"
19276,"morgan, georgia"
33658,"morgan, illinois"
70489,"morgan, indiana"
13309,"morgan, kentucky"
20627,"morgan, missouri"
14508,"morgan, ohio"
21403,"morgan, tennessee"
12124,"morgan, utah"
17884,"morgan, west virginia"
4642,"morrill, nebraska"
5620,"morris, kansas"
491845,"morris, new jersey"
12388,"morris, texas"
33386,"morrison, minnesota"
35328,"morrow, ohio"
11603,"morrow, oregon"
2587,"morton, kansas"
31364,"morton, north dakota"
1200,"motley, texas"
14501,"moultrie, illinois"
10545,"mountrail, north dakota"
40062,"mower, minnesota"
30622,"muhlenberg, kentucky"
812855,"multnomah, oregon"
40096,"murray, georgia"
8194,"murray, minnesota"
14073,"murray, oklahoma"
42664,"muscatine, iowa"
195769,"muscogee, georgia"
173566,"muskegon, michigan"
86215,"muskingum, ohio"
67997,"muskogee, oklahoma"
4633,"musselshell, montana"
65204,"nacogdoches, texas"
3519,"nance, nebraska"
11399,"nantucket, massachusetts"
137744,"napa, california"
94298,"nash, north carolina"
88625,"nassau, florida"
1356924,"nassau, new york"
38158,"natchitoches, louisiana"
79858,"natrona, wyoming"
110924,"navajo, arizona"
50113,"navarro, texas"
46233,"nelson, kentucky"
2879,"nelson, north dakota"
14930,"nelson, virginia"
10231,"nemaha, kansas"
6972,"nemaha, nebraska"
16007,"neosho, kansas"
29118,"neshoba, mississippi"
2750,"ness, kansas"
8252,"nevada, arkansas"
99755,"nevada, california"
558753,"new castle, delaware"
234473,"new hanover, north carolina"
854757,"new haven, connecticut"
23091,"new kent, virginia"
265206,"new london, connecticut"
17076,"new madrid, missouri"
1628706,"new york, new york"
48980,"newaygo, michigan"
38440,"newberry, south carolina"
179225,"newport news, virginia"
82082,"newport, rhode island"
7753,"newton, arkansas"
111744,"newton, georgia"
13984,"newton, indiana"
21018,"newton, mississippi"
58236,"newton, missouri"
13595,"newton, texas"
40408,"nez perce, idaho"
209281,"niagara, new york"
7269,"nicholas, kentucky"
24496,"nicholas, west virginia"
34274,"nicollet, minnesota"
2356,"niobrara, wyoming"
47744,"noble, indiana"
14424,"noble, ohio"
11131,"noble, oklahoma"
21629,"nobles, minnesota"
22092,"nodaway, missouri"
14714,"nolan, texas"
706775,"norfolk, massachusetts"
242742,"norfolk, virginia"
6375,"norman, minnesota"
9832,"north slope, alaska"
19483,"northampton, north carolina"
305285,"northampton, pennsylvania"
11710,"northampton, virginia"
90843,"northumberland, pennsylvania"
12095,"northumberland, virginia"
7621,"northwest arctic, alaska"
5361,"norton, kansas"
3981,"norton, virginia"
15232,"nottoway, virginia"
10076,"nowata, oklahoma"
10417,"noxubee, mississippi"
4148,"nuckolls, nebraska"
362294,"nueces, texas"
46523,"nye, nevada"
13753,"o'brien, iowa"
1257584,"oakland, michigan"
30069,"obion, tennessee"
607186,"ocean, new jersey"
26467,"oceana, michigan"
9836,"ochiltree, texas"
40280,"oconee, georgia"
79546,"oconee, south carolina"
37930,"oconto, wisconsin"
20997,"ogemaw, michigan"
14177,"oglala lakota, south dakota"
50643,"ogle, illinois"
15259,"oglethorpe, georgia"
5875,"ohio, indiana"
23994,"ohio, kentucky"
41411,"ohio, west virginia"
210738,"okaloosa, florida"
42243,"okanogan, washington"
42168,"okeechobee, florida"
11993,"okfuskee, oklahoma"
797434,"oklahoma, oklahoma"
38465,"okmulgee, oklahoma"
49587,"oktibbeha, mississippi"
66799,"oldham, kentucky"
2112,"oldham, texas"
1959,"oliver, north dakota"
158293,"olmsted, minnesota"
4531,"oneida, idaho"
228671,"oneida, new york"
35595,"oneida, wisconsin"
460528,"onondaga, new york"
197938,"onslow, north carolina"
109777,"ontario, new york"
5720,"ontonagon, michigan"
3175692,"orange, california"
1393452,"orange, florida"
19646,"orange, indiana"
384940,"orange, new york"
148476,"orange, north carolina"
83396,"orange, texas"
28892,"orange, vermont"
37051,"orange, virginia"
86175,"orangeburg, south carolina"
10529,"oregon, missouri"
390144,"orleans, louisiana"
40352,"orleans, new york"
27037,"orleans, vermont"
15949,"osage, kansas"
13615,"osage, missouri"
46963,"osage, oklahoma"
3421,"osborne, kansas"
375751,"osceola, florida"
5958,"osceola, iowa"
23460,"osceola, michigan"
8241,"oscoda, michigan"
117124,"oswego, new york"
18278,"otero, colorado"
67490,"otero, new mexico"
16012,"otoe, nebraska"
24668,"otsego, michigan"
59493,"otsego, new york"
5704,"ottawa, kansas"
291830,"ottawa, michigan"
40525,"ottawa, ohio"
31127,"ottawa, oklahoma"
58746,"otter tail, minnesota"
6282,"ottineau, north dakota"
23382,"ouachita, arkansas"
153279,"ouachita, louisiana"
4952,"ouray, colorado"
187885,"outagamie, wisconsin"
22241,"overton, tennessee"
20799,"owen, indiana"
10901,"owen, kentucky"
4415,"owsley, kentucky"
11823,"owyhee, idaho"
57975,"oxford, maine"
9174,"ozark, missouri"
89221,"ozaukee, wisconsin"
22471,"pacific, washington"
15107,"page, iowa"
23902,"page, virginia"
1496770,"palm beach, florida"
8886,"palo alto, iowa"
29189,"palo pinto, texas"
12726,"pamlico, north carolina"
34192,"panola, mississippi"
23194,"panola, texas"
18845,"park, colorado"
16606,"park, montana"
29194,"park, wyoming"
16937,"parke, indiana"
142878,"parker, texas"
9605,"parmer, texas"
553947,"pasco, florida"
39824,"pasquotank, north carolina"
501826,"passaic, new jersey"
17608,"patrick, virginia"
168667,"paulding, georgia"
18672,"paulding, ohio"
6414,"pawnee, kansas"
2613,"pawnee, nebraska"
16376,"pawnee, oklahoma"
23951,"payette, idaho"
81784,"payne, oklahoma"
27546,"peach, georgia"
55535,"pearl river, mississippi"
15823,"pecos, texas"
6801,"pembina, north dakota"
15805,"pemiscot, missouri"
13724,"pend oreille, washington"
63060,"pender, north carolina"
14590,"pendleton, kentucky"
6969,"pendleton, west virginia"
14119,"pennington, minnesota"
113775,"pennington, south dakota"
152148,"penobscot, maine"
179179,"peoria, illinois"
7287,"pepin, wisconsin"
2891,"perkins, nebraska"
2865,"perkins, south dakota"
13463,"perquimans, north carolina"
8923,"perry, alabama"
10455,"perry, arkansas"
20916,"perry, illinois"
19169,"perry, indiana"
25758,"perry, kentucky"
11973,"perry, mississippi"
19136,"perry, missouri"
36134,"perry, ohio"
46272,"perry, pennsylvania"
8076,"perry, tennessee"
6725,"pershing, nevada"
39490,"person, north carolina"
3266,"petersburg, alaska"
31346,"petersburg, virginia"
487,"petroleum, montana"
42339,"pettis, missouri"
44573,"phelps, missouri"
9034,"phelps, nebraska"
1584064,"philadelphia, pennsylvania"
17782,"phillips, arkansas"
4265,"phillips, colorado"
5234,"phillips, kansas"
3954,"phillips, montana"
16344,"piatt, illinois"
58457,"pickaway, ohio"
19930,"pickens, alabama"
32591,"pickens, georgia"
126884,"pickens, south carolina"
5048,"pickett, tennessee"
19465,"pierce, georgia"
7148,"pierce, nebraska"
3975,"pierce, north dakota"
904980,"pierce, washington"
42754,"pierce, wisconsin"
33114,"pike, alabama"
10718,"pike, arkansas"
18962,"pike, georgia"
15561,"pike, illinois"
12389,"pike, indiana"
57876,"pike, kentucky"
39288,"pike, mississippi"
18302,"pike, missouri"
27772,"pike, ohio"
55809,"pike, pennsylvania"
1047279,"pima, arizona"
462789,"pinal, arizona"
29579,"pine, minnesota"
974996,"pinellas, florida"
9126,"pipestone, minnesota"
16785,"piscataquis, maine"
17767,"pitkin, colorado"
180742,"pitt, north carolina"
43654,"pittsburg, oklahoma"
60354,"pittsylvania, virginia"
1479,"piute, utah"
398329,"placer, california"
23197,"plaquemines, louisiana"
104418,"platte, missouri"
33470,"platte, nebraska"
8393,"platte, wyoming"
7460,"pleasants, west virginia"
18807,"plumas, california"
25177,"plymouth, iowa"
521202,"plymouth, massachusetts"
6619,"pocahontas, iowa"
8247,"pocahontas, west virginia"
23528,"poinsett, arkansas"
21730,"pointe coupee, louisiana"
19964,"polk, arkansas"
724777,"polk, florida"
42613,"polk, georgia"
490161,"polk, iowa"
31364,"polk, minnesota"
32149,"polk, missouri"
5213,"polk, nebraska"
20724,"polk, north carolina"
86085,"polk, oregon"
16832,"polk, tennessee"
51353,"polk, texas"
43783,"polk, wisconsin"
5911,"pondera, montana"
32174,"pontotoc, mississippi"
38284,"pontotoc, oklahoma"
64072,"pope, arkansas"
4177,"pope, illinois"
11249,"pope, minnesota"
12271,"poquoson, virginia"
162466,"portage, ohio"
70772,"portage, wisconsin"
170389,"porter, indiana"
94398,"portsmouth, virginia"
25427,"posey, indiana"
24383,"pottawatomie, kansas"
72592,"pottawatomie, oklahoma"
93206,"pottawattamie, iowa"
16526,"potter, pennsylvania"
2153,"potter, south dakota"
117415,"potter, texas"
1682,"powder river, montana"
12359,"powell, kentucky"
6890,"powell, montana"
7681,"power, idaho"
18504,"poweshiek, iowa"
29652,"powhatan, virginia"
8062,"prairie, arkansas"
1077,"prairie, montana"
9164,"pratt, kansas"
40882,"preble, ohio"
25126,"prentiss, mississippi"
6704,"presidio, texas"
12592,"presque isle, michigan"
33432,"preston, west virginia"
13351,"price, wisconsin"
22802,"prince edward, virginia"
909327,"prince george's, maryland"
38353,"prince george, virginia"
470335,"prince william, virginia"
638931,"providence, rhode island"
12172,"prowers, colorado"
168424,"pueblo, colorado"
391911,"pulaski, arkansas"
11137,"pulaski, georgia"
5335,"pulaski, illinois"
12353,"pulaski, indiana"
64979,"pulaski, kentucky"
52607,"pulaski, missouri"
34027,"pulaski, virginia"
11096,"pushmataha, oklahoma"
74521,"putnam, florida"
22119,"putnam, georgia"
5739,"putnam, illinois"
37576,"putnam, indiana"
4696,"putnam, missouri"
98320,"putnam, new york"
33861,"putnam, ohio"
80245,"putnam, tennessee"
56450,"putnam, west virginia"
8253,"quay, new mexico"
50381,"queen anne's, maryland"
2253858,"queens, new york"
2299,"quitman, georgia"
6792,"quitman, mississippi"
17137,"rabun, georgia"
196311,"racine, wisconsin"
18249,"radford, virginia"
12514,"rains, texas"
73361,"raleigh, west virginia"
10309,"ralls, missouri"
550321,"ramsey, minnesota"
11519,"ramsey, north dakota"
137713,"randall, texas"
22722,"randolph, alabama"
17958,"randolph, arkansas"
6778,"randolph, georgia"
31782,"randolph, illinois"
24665,"randolph, indiana"
24748,"randolph, missouri"
143667,"randolph, north carolina"
28695,"randolph, west virginia"
155271,"rankin, mississippi"
5218,"ransom, north dakota"
129648,"rapides, louisiana"
7370,"rappahannock, virginia"
43806,"ravalli, montana"
2530,"rawlins, kansas"
23018,"ray, missouri"
3849,"reagan, texas"
3452,"real, texas"
4055,"red lake, minnesota"
8442,"red river, louisiana"
12023,"red river, texas"
10724,"red willow, nebraska"
15170,"redwood, minnesota"
15976,"reeves, texas"
6948,"refugio, texas"
61998,"reno, kansas"
158714,"rensselaer, new york"
14548,"renville, minnesota"
2327,"renville, north dakota"
4636,"republic, kansas"
6270,"reynolds, missouri"
33167,"rhea, tennessee"
9537,"rice, kansas"
66972,"rice, minnesota"
2483,"rich, utah"
7865,"richardson, nebraska"
15513,"richland, illinois"
20122,"richland, louisiana"
10803,"richland, montana"
16177,"richland, north dakota"
121154,"richland, ohio"
415759,"richland, south carolina"
17252,"richland, wisconsin"
202518,"richmond, georgia"
476143,"richmond, new york"
44829,"richmond, north carolina"
9023,"richmond, virginia"
230436,"richmond, virginia"
74232,"riley, kansas"
4894,"ringgold, iowa"
38921,"rio arriba, new mexico"
6324,"rio blanco, colorado"
11267,"rio grande, colorado"
28324,"ripley, indiana"
13288,"ripley, missouri"
9554,"ritchie, west virginia"
2470546,"riverside, california"
53382,"roane, tennessee"
13688,"roane, west virginia"
94186,"roanoke, virginia"
99143,"roanoke, virginia"
10394,"roberts, south dakota"
854,"roberts, texas"
2108,"robertson, kentucky"
71813,"robertson, tennessee"
17074,"robertson, texas"
130625,"robeson, north carolina"
141879,"rock island, illinois"
9315,"rock, minnesota"
1357,"rock, nebraska"
163354,"rock, wisconsin"
22573,"rockbridge, virginia"
16695,"rockcastle, kentucky"
90896,"rockdale, georgia"
309769,"rockingham, new hampshire"
91010,"rockingham, north carolina"
81948,"rockingham, virginia"
325789,"rockland, new york"
104915,"rockwall, texas"
3583,"roger mills, oklahoma"
92459,"rogers, oklahoma"
14176,"rolette, north dakota"
4920,"rooks, kansas"
11004,"roosevelt, montana"
18500,"roosevelt, new mexico"
24019,"roscommon, michigan"
15165,"roseau, minnesota"
8937,"rosebud, montana"
76666,"ross, ohio"
25638,"routt, colorado"
24460,"rowan, kentucky"
142088,"rowan, north carolina"
10264,"runnels, texas"
16581,"rush, indiana"
3036,"rush, kansas"
54406,"rusk, texas"
14178,"rusk, wisconsin"
57961,"russell, alabama"
6856,"russell, kansas"
17923,"russell, kentucky"
26586,"russell, virginia"
67029,"rutherford, north carolina"
332285,"rutherford, tennessee"
58191,"rutland, vermont"
23884,"sabine, louisiana"
10542,"sabine, texas"
9721,"sac, iowa"
1552058,"sacramento, california"
35856,"sagadahoc, maine"
190539,"saginaw, michigan"
6824,"saguache, colorado"
62385,"salem, new jersey"
25301,"salem, virginia"
122437,"saline, arkansas"
23491,"saline, illinois"
54224,"saline, kansas"
22761,"saline, missouri"
14224,"saline, nebraska"
1160437,"salt lake, utah"
20473,"saluda, south carolina"
63531,"sampson, north carolina"
8237,"san augustine, texas"
62808,"san benito, california"
2180085,"san bernardino, california"
3338330,"san diego, california"
881549,"san francisco, california"
28859,"san jacinto, texas"
762148,"san joaquin, california"
728,"san juan, colorado"
123958,"san juan, new mexico"
15308,"san juan, utah"
17582,"san juan, washington"
283111,"san luis obispo, california"
766573,"san mateo, california"
8179,"san miguel, colorado"
27277,"san miguel, new mexico"
66730,"san patricio, texas"
6055,"san saba, texas"
2344,"sanborn, south dakota"
12113,"sanders, montana"
146748,"sandoval, new mexico"
58518,"sandusky, ohio"
194672,"sangamon, illinois"
41170,"sanilac, michigan"
30939,"sanpete, utah"
446499,"santa barbara, california"
1927852,"santa clara, california"
46498,"santa cruz, arizona"
273213,"santa cruz, california"
150358,"santa fe, new mexico"
184313,"santa rosa, florida"
433742,"sarasota, florida"
229863,"saratoga, new york"
3898,"sargent, north dakota"
187196,"sarpy, nebraska"
64442,"sauk, wisconsin"
21578,"saunders, nebraska"
16558,"sawyer, wisconsin"
155299,"schenectady, new york"
2793,"schleicher, texas"
5257,"schley, georgia"
30999,"schoharie, new york"
8094,"schoolcraft, michigan"
6768,"schuyler, illinois"
4660,"schuyler, missouri"
17807,"schuyler, new york"
141359,"schuylkill, pennsylvania"
75314,"scioto, ohio"
4902,"scotland, missouri"
34823,"scotland, north carolina"
10281,"scott, arkansas"
4951,"scott, illinois"
23873,"scott, indiana"
172943,"scott, iowa"
4823,"scott, kansas"
57004,"scott, kentucky"
149013,"scott, minnesota"
28124,"scott, mississippi"
38280,"scott, missouri"
22068,"scott, tennessee"
21566,"scott, virginia"
35618,"scotts bluff, nebraska"
13966,"screven, georgia"
16703,"scurry, texas"
7881,"searcy, arkansas"
127827,"sebastian, arkansas"
2248,"sedgwick, colorado"
516042,"sedgwick, kansas"
471826,"seminole, florida"
8090,"seminole, georgia"
24258,"seminole, oklahoma"
34016,"seneca, new york"
55178,"seneca, ohio"
15026,"sequatchie, tennessee"
41569,"sequoyah, oklahoma"
17007,"sevier, arkansas"
98250,"sevier, tennessee"
21620,"sevier, utah"
21428,"seward, kansas"
17284,"seward, nebraska"
3265,"shackelford, texas"
8166,"shannon, missouri"
4321,"sharkey, mississippi"
17442,"sharp, arkansas"
180080,"shasta, california"
40899,"shawano, wisconsin"
176875,"shawnee, kansas"
115340,"sheboygan, wisconsin"
217702,"shelby, alabama"
21634,"shelby, illinois"
44729,"shelby, indiana"
11454,"shelby, iowa"
49024,"shelby, kentucky"
5930,"shelby, missouri"
48590,"shelby, ohio"
937166,"shelby, tennessee"
25274,"shelby, texas"
43616,"shenandoah, virginia"
97238,"sherburne, minnesota"
2521,"sheridan, kansas"
3309,"sheridan, montana"
5246,"sheridan, nebraska"
1315,"sheridan, north dakota"
30485,"sheridan, wyoming"
5917,"sherman, kansas"
3001,"sherman, nebraska"
1780,"sherman, oregon"
3022,"sherman, texas"
68122,"shiawassee, michigan"
12882,"shoshone, idaho"
14865,"sibley, minnesota"
3005,"sierra, california"
10791,"sierra, new mexico"
34915,"silver bow, montana"
18572,"simpson, kentucky"
26658,"simpson, mississippi"
34855,"sioux, iowa"
1166,"sioux, nebraska"
4230,"sioux, north dakota"
43539,"siskiyou, california"
8493,"sitka, alaska"
129205,"skagit, washington"
12083,"skamania, washington"
750,"slope, north dakota"
3583,"smith, kansas"
15916,"smith, mississippi"
20157,"smith, tennessee"
232751,"smith, texas"
30104,"smyth, virginia"
822083,"snohomish, washington"
40372,"snyder, pennsylvania"
16637,"socorro, new mexico"
447643,"solano, california"
50484,"somerset, maine"
25616,"somerset, maryland"
328934,"somerset, new jersey"
73447,"somerset, pennsylvania"
9128,"somervell, texas"
494336,"sonoma, california"
17631,"southampton, virginia"
66703,"spalding, georgia"
319785,"spartanburg, south carolina"
20277,"spencer, indiana"
19351,"spencer, kentucky"
6376,"spink, south dakota"
522798,"spokane, washington"
136215,"spotsylvania, virginia"
47244,"st. bernard, louisiana"
53100,"st. charles, louisiana"
402022,"st. charles, missouri"
89512,"st. clair, alabama"
259686,"st. clair, illinois"
159128,"st. clair, michigan"
9397,"st. clair, missouri"
90687,"st. croix, wisconsin"
24994,"st. francis, arkansas"
67215,"st. francois, missouri"
10132,"st. helena, louisiana"
21096,"st. james, louisiana"
42837,"st. john the baptist, louisiana"
264672,"st. johns, florida"
271826,"st. joseph, indiana"
60964,"st. joseph, michigan"
82124,"st. landry, louisiana"
107740,"st. lawrence, new york"
199070,"st. louis, minnesota"
994205,"st. louis, missouri"
300576,"st. louis, missouri"
328297,"st. lucie, florida"
53431,"st. martin, louisiana"
113510,"st. mary's, maryland"
49348,"st. mary, louisiana"
260419,"st. tammany, louisiana"
4156,"stafford, kansas"
152882,"stafford, virginia"
550660,"stanislaus, california"
3098,"stanley, south dakota"
62806,"stanly, north carolina"
2006,"stanton, kansas"
5920,"stanton, nebraska"
5342,"stark, illinois"
31489,"stark, north dakota"
370606,"stark, ohio"
22995,"starke, indiana"
64633,"starr, texas"
24932,"staunton, virginia"
17894,"ste. genevieve, missouri"
161075,"stearns, minnesota"
36649,"steele, minnesota"
1890,"steele, north dakota"
25925,"stephens, georgia"
43143,"stephens, oklahoma"
9366,"stephens, texas"
44498,"stephenson, illinois"
1291,"sterling, texas"
34594,"steuben, indiana"
95379,"steuben, new york"
5485,"stevens, kansas"
9805,"stevens, minnesota"
45723,"stevens, washington"
6621,"stewart, georgia"
13715,"stewart, tennessee"
9642,"stillwater, montana"
29025,"stoddard, missouri"
45591,"stokes, north carolina"
12506,"stone, arkansas"
18336,"stone, mississippi"
31952,"stone, missouri"
1350,"stonewall, texas"
4123,"storey, nevada"
97117,"story, iowa"
130633,"strafford, new hampshire"
20704,"stutsman, north dakota"
9831,"sublette, wyoming"
803907,"suffolk, massachusetts"
1476601,"suffolk, new york"
92108,"suffolk, virginia"
20669,"sullivan, indiana"
6089,"sullivan, missouri"
43146,"sullivan, new hampshire"
75432,"sullivan, new york"
6066,"sullivan, pennsylvania"
158348,"sullivan, tennessee"
1391,"sully, south dakota"
12573,"summers, west virginia"
31011,"summit, colorado"
541013,"summit, ohio"
42145,"summit, utah"
22836,"sumner, kansas"
191283,"sumner, tennessee"
12427,"sumter, alabama"
132420,"sumter, florida"
29524,"sumter, georgia"
106721,"sumter, south carolina"
25110,"sunflower, mississippi"
71783,"surry, north carolina"
6422,"surry, virginia"
40328,"susquehanna, pennsylvania"
234225,"sussex, delaware"
140488,"sussex, new jersey"
11159,"sussex, virginia"
96971,"sutter, california"
3776,"sutton, texas"
44417,"suwannee, florida"
14271,"swain, north carolina"
3737,"sweet grass, montana"
42343,"sweetwater, wyoming"
9266,"swift, minnesota"
7397,"swisher, texas"
10751,"switzerland, indiana"
6195,"talbot, georgia"
37181,"talbot, maryland"
1537,"taliaferro, georgia"
79978,"talladega, alabama"
13809,"tallahatchie, mississippi"
40367,"tallapoosa, alabama"
16854,"tama, iowa"
55928,"taney, missouri"
134758,"tangipahoa, louisiana"
32723,"taos, new mexico"
2102515,"tarrant, texas"
28321,"tate, mississippi"
25286,"tattnall, georgia"
21569,"taylor, florida"
8020,"taylor, georgia"
6121,"taylor, iowa"
25769,"taylor, kentucky"
138034,"taylor, texas"
16695,"taylor, west virginia"
20343,"taylor, wisconsin"
131803,"tazewell, illinois"
40595,"tazewell, virginia"
65084,"tehama, california"
15860,"telfair, georgia"
25388,"teller, colorado"
4334,"tensas, louisiana"
110461,"terrebonne, louisiana"
8531,"terrell, georgia"
776,"terrell, texas"
12337,"terry, texas"
12142,"teton, idaho"
6147,"teton, montana"
23464,"teton, wyoming"
25398,"texas, missouri"
19983,"texas, oklahoma"
5003,"thayer, nebraska"
44451,"thomas, georgia"
7777,"thomas, kansas"
722,"thomas, nebraska"
1501,"throckmorton, texas"
7224,"thurston, nebraska"
290536,"thurston, washington"
40644,"tift, georgia"
27036,"tillamook, oregon"
7250,"tillman, oklahoma"
48203,"tioga, new york"
40591,"tioga, pennsylvania"
22015,"tippah, mississippi"
195732,"tippecanoe, indiana"
15148,"tipton, indiana"
61599,"tipton, tennessee"
19383,"tishomingo, mississippi"
32750,"titus, texas"
12294,"todd, kentucky"
24664,"todd, minnesota"
10177,"todd, south dakota"
150721,"tolland, connecticut"
119200,"tom green, texas"
102180,"tompkins, new york"
72259,"tooele, utah"
4736,"toole, montana"
26830,"toombs, georgia"
15461,"torrance, new mexico"
2189,"towner, north dakota"
12037,"towns, georgia"
8036,"traill, north dakota"
34385,"transylvania, north carolina"
3259,"traverse, minnesota"
1273954,"travis, texas"
696,"treasure, montana"
2803,"trego, kansas"
29649,"trempealeau, wisconsin"
6901,"treutlen, georgia"
14651,"trigg, kentucky"
8471,"trimble, kentucky"
12285,"trinity, california"
14651,"trinity, texas"
5441,"tripp, south dakota"
69922,"troup, georgia"
11284,"trousdale, tennessee"
197974,"trumbull, ohio"
6839,"tucker, west virginia"
466195,"tulare, california"
651552,"tulsa, oklahoma"
9632,"tunica, mississippi"
54478,"tuolumne, california"
7985,"turner, georgia"
8384,"turner, south dakota"
209355,"tuscaloosa, alabama"
91987,"tuscarawas, ohio"
52245,"tuscola, michigan"
8120,"twiggs, georgia"
86878,"twin falls, idaho"
21672,"tyler, texas"
8591,"tyler, west virginia"
4016,"tyrrell, north carolina"
20226,"uinta, wyoming"
35734,"uintah, utah"
177573,"ulster, new york"
77950,"umatilla, oregon"
17883,"unicoi, tennessee"
38682,"union, arkansas"
15237,"union, florida"
24511,"union, georgia"
16653,"union, illinois"
7054,"union, indiana"
12241,"union, iowa"
14381,"union, kentucky"
22108,"union, louisiana"
28815,"union, mississippi"
556341,"union, new jersey"
4059,"union, new mexico"
239859,"union, north carolina"
58988,"union, ohio"
26835,"union, oregon"
44923,"union, pennsylvania"
27316,"union, south carolina"
15932,"union, south dakota"
19972,"union, tennessee"
41753,"upshur, texas"
24176,"upshur, west virginia"
26320,"upson, georgia"
3657,"upton, texas"
636235,"utah, utah"
26741,"uvalde, texas"
49025,"val verde, texas"
76688,"valencia, new mexico"
11392,"valley, idaho"
7396,"valley, montana"
4158,"valley, nebraska"
16545,"van buren, arkansas"
7044,"van buren, iowa"
75677,"van buren, michigan"
5872,"van buren, tennessee"
28275,"van wert, ohio"
56590,"van zandt, texas"
44535,"vance, north carolina"
181451,"vanderburgh, indiana"
50668,"venango, pennsylvania"
846006,"ventura, california"
75758,"vermilion, illinois"
59511,"vermilion, louisiana"
15498,"vermillion, indiana"
47429,"vernon, louisiana"
20563,"vernon, missouri"
30822,"vernon, wisconsin"
92084,"victoria, texas"
107038,"vigo, indiana"
22195,"vilas, wisconsin"
13085,"vinton, ohio"
449974,"virginia beach, virginia"
553284,"volusia, florida"
11520,"wabash, illinois"
30996,"wabash, indiana"
21627,"wabasha, minnesota"
6931,"wabaunsee, kansas"
13682,"wadena, minnesota"
81289,"wagoner, oklahoma"
4488,"wahkiakum, washington"
1111761,"wake, north carolina"
33739,"wakulla, florida"
39715,"waldo, maine"
63521,"walker, alabama"
69761,"walker, georgia"
72971,"walker, texas"
60760,"walla walla, washington"
1518,"wallace, kansas"
55246,"waller, texas"
7208,"wallowa, oregon"
10641,"walsh, north dakota"
14286,"walthall, mississippi"
74071,"walton, florida"
94593,"walton, georgia"
5435,"walworth, south dakota"
103868,"walworth, wisconsin"
34969,"wapello, iowa"
67641,"ward, north dakota"
11998,"ward, texas"
35734,"ware, georgia"
5254,"warren, georgia"
16844,"warren, illinois"
8265,"warren, indiana"
51466,"warren, iowa"
132896,"warren, kentucky"
45381,"warren, mississippi"
35649,"warren, missouri"
105267,"warren, new jersey"
63944,"warren, new york"
19731,"warren, north carolina"
234602,"warren, ohio"
39191,"warren, pennsylvania"
41277,"warren, tennessee"
40164,"warren, virginia"
62998,"warrick, indiana"
34091,"wasatch, utah"
26682,"wasco, oregon"
18612,"waseca, minnesota"
7805,"washakie, wyoming"
15720,"washburn, wisconsin"
16326,"washington, alabama"
239187,"washington, arkansas"
4908,"washington, colorado"
25473,"washington, florida"
20374,"washington, georgia"
10194,"washington, idaho"
13887,"washington, illinois"
28036,"washington, indiana"
21965,"washington, iowa"
5406,"washington, kansas"
12095,"washington, kentucky"
46194,"washington, louisiana"
31379,"washington, maine"
151049,"washington, maryland"
262440,"washington, minnesota"
43909,"washington, mississippi"
24730,"washington, missouri"
20729,"washington, nebraska"
61204,"washington, new york"
11580,"washington, north carolina"
59911,"washington, ohio"
51527,"washington, oklahoma"
601592,"washington, oregon"
206865,"washington, pennsylvania"
125577,"washington, rhode island"
129375,"washington, tennessee"
35882,"washington, texas"
177556,"washington, utah"
58409,"washington, vermont"
53740,"washington, virginia"
136034,"washington, wisconsin"
10916,"washita, oklahoma"
471519,"washoe, nevada"
367601,"washtenaw, michigan"
56177,"watauga, north carolina"
10897,"watonwan, minnesota"
404198,"waukesha, wisconsin"
50990,"waupaca, wisconsin"
24443,"waushara, wisconsin"
29927,"wayne, georgia"
16215,"wayne, illinois"
65884,"wayne, indiana"
6441,"wayne, iowa"
20333,"wayne, kentucky"
1749343,"wayne, michigan"
20183,"wayne, mississippi"
12873,"wayne, missouri"
9385,"wayne, nebraska"
89918,"wayne, new york"
123131,"wayne, north carolina"
115710,"wayne, ohio"
51361,"wayne, pennsylvania"
16673,"wayne, tennessee"
2711,"wayne, utah"
39402,"wayne, west virginia"
22630,"waynesboro, virginia"
33328,"weakley, tennessee"
276652,"webb, texas"
260213,"weber, utah"
2607,"webster, georgia"
35904,"webster, iowa"
12942,"webster, kentucky"
38340,"webster, louisiana"
9689,"webster, mississippi"
39592,"webster, missouri"
3487,"webster, nebraska"
8114,"webster, west virginia"
324492,"weld, colorado"
28296,"wells, indiana"
3834,"wells, north dakota"
26465,"west baton rouge, louisiana"
10830,"west carroll, louisiana"
15568,"west feliciana, louisiana"
967506,"westchester, new york"
348899,"westmoreland, pennsylvania"
18015,"westmoreland, virginia"
6927,"weston, wyoming"
15065,"wetzel, west virginia"
33631,"wexford, michigan"
41556,"wharton, texas"
229247,"whatcom, washington"
2126,"wheatland, montana"
7855,"wheeler, georgia"
783,"wheeler, nebraska"
1332,"wheeler, oregon"
5056,"wheeler, texas"
9580,"white pine, nevada"
78753,"white, arkansas"
30798,"white, georgia"
13537,"white, illinois"
24102,"white, indiana"
27345,"white, tennessee"
55175,"whiteside, illinois"
104628,"whitfield, georgia"
33964,"whitley, indiana"
36264,"whitley, kentucky"
50104,"whitman, washington"
969,"wibaux, montana"
2119,"wichita, kansas"
132230,"wichita, texas"
103609,"wicomico, maryland"
12769,"wilbarger, texas"
10373,"wilcox, alabama"
8635,"wilcox, georgia"
9777,"wilkes, georgia"
68412,"wilkes, north carolina"
6207,"wilkin, minnesota"
8954,"wilkinson, georgia"
8630,"wilkinson, mississippi"
690743,"will, illinois"
21358,"willacy, texas"
37589,"williams, north dakota"
36692,"williams, ohio"
30368,"williamsburg, south carolina"
14954,"williamsburg, virginia"
66597,"williamson, illinois"
238412,"williamson, tennessee"
590551,"williamson, texas"
8525,"wilson, kansas"
81801,"wilson, north carolina"
144657,"wilson, tennessee"
51070,"wilson, texas"
28078,"winchester, virginia"
116782,"windham, connecticut"
42222,"windham, vermont"
55062,"windsor, vermont"
8010,"winkler, texas"
13904,"winn, louisiana"
282572,"winnebago, illinois"
10354,"winnebago, iowa"
171907,"winnebago, wisconsin"
19991,"winneshiek, iowa"
50484,"winona, minnesota"
23629,"winston, alabama"
17955,"winston, mississippi"
5821,"wirt, west virginia"
69984,"wise, texas"
37383,"wise, virginia"
7157,"wolfe, kentucky"
130817,"wood, ohio"
45539,"wood, texas"
83518,"wood, west virginia"
72999,"wood, wisconsin"
103107,"woodbury, iowa"
38459,"woodford, illinois"
26734,"woodford, kentucky"
6320,"woodruff, arkansas"
8793,"woods, oklahoma"
3138,"woodson, kansas"
20211,"woodward, oklahoma"
52276,"worcester, maryland"
830622,"worcester, massachusetts"
20247,"worth, georgia"
7381,"worth, iowa"
2013,"worth, missouri"
2502,"wrangell, alaska"
12562,"wright, iowa"
138377,"wright, minnesota"
18289,"wright, missouri"
21772,"wyandot, ohio"
165429,"wyandotte, kansas"
39859,"wyoming, new york"
26794,"wyoming, pennsylvania"
20394,"wyoming, west virginia"
28684,"wythe, virginia"
37667,"yadkin, north carolina"
250873,"yakima, washington"
579,"yakutat, alaska"
12108,"yalobusha, mississippi"
107100,"yamhill, oregon"
18069,"yancey, north carolina"
22814,"yankton, south dakota"
24913,"yates, new york"
235099,"yavapai, arizona"
29690,"yazoo, mississippi"
21341,"yell, arkansas"
9709,"yellow medicine, minnesota"
161300,"yellowstone, montana"
8713,"yoakum, texas"
220500,"yolo, california"
207641,"york, maine"
13679,"york, nebraska"
449058,"york, pennsylvania"
280979,"york, south carolina"
68280,"york, virginia"
18010,"young, texas"
78668,"yuba, california"
213787,"yuma, arizona"
10019,"yuma, colorado"
14179,"zapata, texas"
11840,"zavala, texas"
2756,"ziebach, south dakota"
